Image_Name,Flag
0.png,2
1.png,1
2.png,1
3.png,1
4.png,2
5.png,2
6.png,2
7.png,3
8.png,2
9.png,1
10.png,3
11.png,0
12.png,1
13.png,3
14.png,1
15.png,1
16.png,2
17.png,0
18.png,3
19.png,0
20.png,2
21.png,2
22.png,0
23.png,0
24.png,2
25.png,3
26.png,2
27.png,2
28.png,1
29.png,2
30.png,1
31.png,0
32.png,3
33.png,2
34.png,0
35.png,3
36.png,0
37.png,3
38.png,1
39.png,2
40.png,2
41.png,2
42.png,2
43.png,1
44.png,0
45.png,3
46.png,1
47.png,2
48.png,3
49.png,2
50.png,0
51.png,3
52.png,3
53.png,0
54.png,1
55.png,0
56.png,1
57.png,3
58.png,3
59.png,2
60.png,3
61.png,3
62.png,0
63.png,1
64.png,0
65.png,1
66.png,2
67.png,3
68.png,0
69.png,1
70.png,2
71.png,2
72.png,2
73.png,2
74.png,3
75.png,1
76.png,3
77.png,1
78.png,1
79.png,2
80.png,0
81.png,0
82.png,1
83.png,1
84.png,3
85.png,2
86.png,2
87.png,3
88.png,2
89.png,1
90.png,3
91.png,1
92.png,0
93.png,2
94.png,2
95.png,1
96.png,1
97.png,2
98.png,0
99.png,1
100.png,0
101.png,0
102.png,0
103.png,2
104.png,1
105.png,2
106.png,0
107.png,1
108.png,0
109.png,2
110.png,3
111.png,3
112.png,2
113.png,0
114.png,1
115.png,2
116.png,0
117.png,3
118.png,3
119.png,0
120.png,3
121.png,0
122.png,1
123.png,2
124.png,2
125.png,0
126.png,2
127.png,2
128.png,3
129.png,1
130.png,2
131.png,1
132.png,1
133.png,1
134.png,3
135.png,1
136.png,1
137.png,3
138.png,2
139.png,1
140.png,2
141.png,2
142.png,3
143.png,3
144.png,3
145.png,2
146.png,3
147.png,2
148.png,1
149.png,2
150.png,0
151.png,0
152.png,0
153.png,1
154.png,0
155.png,2
156.png,0
157.png,3
158.png,0
159.png,3
160.png,0
161.png,1
162.png,2
163.png,0
164.png,3
165.png,0
166.png,1
167.png,2
168.png,3
169.png,0
170.png,1
171.png,1
172.png,0
173.png,0
174.png,3
175.png,2
176.png,1
177.png,2
178.png,1
179.png,0
180.png,3
181.png,0
182.png,1
183.png,2
184.png,2
185.png,3
186.png,3
187.png,3
188.png,1
189.png,2
190.png,2
191.png,2
192.png,1
193.png,1
194.png,1
195.png,2
196.png,2
197.png,3
198.png,3
199.png,0
200.png,0
201.png,2
202.png,1
203.png,0
204.png,0
205.png,0
206.png,1
207.png,2
208.png,0
209.png,3
210.png,2
211.png,1
212.png,1
213.png,0
214.png,1
215.png,3
216.png,3
217.png,2
218.png,2
219.png,3
220.png,1
221.png,0
222.png,2
223.png,1
224.png,3
225.png,1
226.png,0
227.png,1
228.png,0
229.png,0
230.png,3
231.png,0
232.png,2
233.png,0
234.png,0
235.png,2
236.png,1
237.png,0
238.png,3
239.png,1
240.png,2
241.png,2
242.png,0
243.png,0
244.png,3
245.png,0
246.png,0
247.png,3
248.png,1
249.png,0
250.png,2
251.png,0
252.png,2
253.png,1
254.png,2
255.png,0
256.png,1
257.png,0
258.png,2
259.png,1
260.png,3
261.png,1
262.png,2
263.png,3
264.png,2
265.png,3
266.png,1
267.png,3
268.png,0
269.png,2
270.png,1
271.png,3
272.png,3
273.png,3
274.png,0
275.png,3
276.png,3
277.png,2
278.png,3
279.png,2
280.png,1
281.png,2
282.png,3
283.png,3
284.png,2
285.png,2
286.png,3
287.png,1
288.png,3
289.png,3
290.png,1
291.png,2
292.png,1
293.png,1
294.png,2
295.png,1
296.png,0
297.png,2
298.png,2
299.png,1
300.png,1
301.png,2
302.png,1
303.png,2
304.png,1
305.png,2
306.png,0
307.png,2
308.png,3
309.png,1
310.png,1
311.png,1
312.png,1
313.png,1
314.png,0
315.png,2
316.png,1
317.png,1
318.png,3
319.png,0
320.png,3
321.png,2
322.png,1
323.png,1
324.png,0
325.png,0
326.png,2
327.png,3
328.png,2
329.png,0
330.png,2
331.png,0
332.png,0
333.png,1
334.png,3
335.png,0
336.png,1
337.png,0
338.png,0
339.png,0
340.png,3
341.png,2
342.png,1
343.png,2
344.png,0
345.png,2
346.png,3
347.png,0
348.png,3
349.png,2
350.png,1
351.png,0
352.png,3
353.png,0
354.png,3
355.png,3
356.png,0
357.png,3
358.png,3
359.png,1
360.png,3
361.png,0
362.png,1
363.png,1
364.png,2
365.png,3
366.png,3
367.png,2
368.png,1
369.png,0
370.png,1
371.png,3
372.png,1
373.png,2
374.png,1
375.png,1
376.png,1
377.png,2
378.png,0
379.png,0
380.png,2
381.png,1
382.png,3
383.png,3
384.png,2
385.png,1
386.png,3
387.png,0
388.png,0
389.png,1
390.png,0
391.png,2
392.png,0
393.png,0
394.png,2
395.png,3
396.png,1
397.png,3
398.png,1
399.png,3
400.png,0
401.png,1
402.png,2
403.png,3
404.png,3
405.png,2
406.png,3
407.png,0
408.png,2
409.png,2
410.png,2
411.png,2
412.png,0
413.png,3
414.png,0
415.png,2
416.png,3
417.png,2
418.png,2
419.png,0
420.png,3
421.png,3
422.png,0
423.png,3
424.png,0
425.png,1
426.png,1
427.png,1
428.png,2
429.png,3
430.png,2
431.png,2
432.png,2
433.png,1
434.png,2
435.png,1
436.png,3
437.png,3
438.png,0
439.png,1
440.png,1
441.png,1
442.png,2
443.png,0
444.png,0
445.png,1
446.png,0
447.png,3
448.png,0
449.png,0
450.png,3
451.png,2
452.png,0
453.png,2
454.png,0
455.png,2
456.png,2
457.png,1
458.png,1
459.png,2
460.png,2
461.png,2
462.png,2
463.png,3
464.png,3
465.png,1
466.png,1
467.png,2
468.png,1
469.png,0
470.png,0
471.png,1
472.png,2
473.png,1
474.png,2
475.png,3
476.png,0
477.png,1
478.png,2
479.png,2
480.png,0
481.png,1
482.png,0
483.png,0
484.png,1
485.png,0
486.png,0
487.png,0
488.png,0
489.png,0
490.png,1
491.png,1
492.png,3
493.png,3
494.png,3
495.png,2
496.png,2
497.png,2
498.png,0
499.png,3
500.png,1
501.png,2
502.png,2
503.png,0
504.png,0
505.png,2
506.png,1
507.png,1
508.png,2
509.png,1
510.png,2
511.png,0
512.png,2
513.png,2
514.png,2
515.png,0
516.png,2
517.png,0
518.png,3
519.png,1
520.png,1
521.png,2
522.png,1
523.png,0
524.png,0
525.png,0
526.png,2
527.png,0
528.png,2
529.png,3
530.png,2
531.png,3
532.png,0
533.png,0
534.png,0
535.png,1
536.png,1
537.png,2
538.png,2
539.png,0
540.png,2
541.png,0
542.png,3
543.png,0
544.png,3
545.png,2
546.png,0
547.png,0
548.png,1
549.png,0
550.png,2
551.png,3
552.png,3
553.png,3
554.png,1
555.png,2
556.png,1
557.png,0
558.png,1
559.png,0
560.png,1
561.png,2
562.png,1
563.png,2
564.png,3
565.png,0
566.png,1
567.png,2
568.png,0
569.png,0
570.png,2
571.png,1
572.png,0
573.png,2
574.png,1
575.png,2
576.png,3
577.png,3
578.png,1
579.png,0
580.png,2
581.png,2
582.png,2
583.png,2
584.png,3
585.png,2
586.png,0
587.png,0
588.png,1
589.png,3
590.png,3
591.png,3
592.png,3
593.png,0
594.png,3
595.png,0
596.png,0
597.png,1
598.png,1
599.png,0
600.png,1
601.png,3
602.png,1
603.png,0
604.png,3
605.png,1
606.png,0
607.png,2
608.png,2
609.png,3
610.png,2
611.png,1
612.png,1
613.png,2
614.png,3
615.png,3
616.png,0
617.png,2
618.png,0
619.png,2
620.png,2
621.png,2
622.png,1
623.png,0
624.png,1
625.png,1
626.png,0
627.png,1
628.png,2
629.png,3
630.png,2
631.png,2
632.png,0
633.png,1
634.png,3
635.png,3
636.png,3
637.png,3
638.png,1
639.png,0
640.png,3
641.png,3
642.png,0
643.png,1
644.png,1
645.png,3
646.png,2
647.png,2
648.png,2
649.png,1
650.png,2
651.png,0
652.png,2
653.png,2
654.png,3
655.png,3
656.png,1
657.png,2
658.png,2
659.png,1
660.png,1
661.png,3
662.png,0
663.png,3
664.png,0
665.png,2
666.png,1
667.png,1
668.png,3
669.png,1
670.png,3
671.png,3
672.png,3
673.png,1
674.png,0
675.png,1
676.png,1
677.png,0
678.png,2
679.png,2
680.png,0
681.png,2
682.png,3
683.png,0
684.png,0
685.png,1
686.png,1
687.png,3
688.png,2
689.png,3
690.png,0
691.png,1
692.png,1
693.png,3
694.png,0
695.png,2
696.png,1
697.png,3
698.png,1
699.png,1
700.png,2
701.png,0
702.png,0
703.png,3
704.png,1
705.png,3
706.png,2
707.png,1
708.png,1
709.png,1
710.png,2
711.png,3
712.png,1
713.png,0
714.png,3
715.png,2
716.png,2
717.png,2
718.png,1
719.png,0
720.png,2
721.png,1
722.png,0
723.png,1
724.png,3
725.png,2
726.png,0
727.png,1
728.png,1
729.png,3
730.png,2
731.png,0
732.png,0
733.png,3
734.png,3
735.png,1
736.png,1
737.png,0
738.png,2
739.png,2
740.png,2
741.png,0
742.png,1
743.png,1
744.png,0
745.png,2
746.png,1
747.png,0
748.png,2
749.png,0
750.png,0
751.png,3
752.png,3
753.png,2
754.png,3
755.png,0
756.png,3
757.png,2
758.png,1
759.png,3
760.png,2
761.png,1
762.png,1
763.png,1
764.png,2
765.png,0
766.png,0
767.png,0
768.png,1
769.png,2
770.png,2
771.png,3
772.png,1
773.png,0
774.png,0
775.png,1
776.png,3
777.png,3
778.png,2
779.png,2
780.png,1
781.png,2
782.png,3
783.png,1
784.png,1
785.png,0
786.png,1
787.png,3
788.png,0
789.png,3
790.png,0
791.png,2
792.png,1
793.png,0
794.png,3
795.png,1
796.png,3
797.png,2
798.png,0
799.png,1
800.png,2
801.png,2
802.png,0
803.png,2
804.png,2
805.png,0
806.png,0
807.png,0
808.png,1
809.png,0
810.png,0
811.png,0
812.png,2
813.png,3
814.png,3
815.png,1
816.png,3
817.png,3
818.png,3
819.png,2
820.png,0
821.png,3
822.png,2
823.png,1
824.png,0
825.png,3
826.png,2
827.png,3
828.png,3
829.png,1
830.png,0
831.png,3
832.png,1
833.png,2
834.png,2
835.png,3
836.png,0
837.png,0
838.png,0
839.png,1
840.png,2
841.png,2
842.png,2
843.png,2
844.png,1
845.png,3
846.png,1
847.png,3
848.png,0
849.png,3
850.png,3
851.png,2
852.png,1
853.png,2
854.png,2
855.png,1
856.png,0
857.png,1
858.png,1
859.png,3
860.png,3
861.png,1
862.png,2
863.png,0
864.png,2
865.png,2
866.png,3
867.png,1
868.png,3
869.png,0
870.png,3
871.png,1
872.png,3
873.png,1
874.png,1
875.png,0
876.png,2
877.png,0
878.png,3
879.png,1
880.png,0
881.png,1
882.png,0
883.png,2
884.png,0
885.png,2
886.png,1
887.png,1
888.png,0
889.png,1
890.png,2
891.png,0
892.png,3
893.png,2
894.png,0
895.png,3
896.png,2
897.png,2
898.png,2
899.png,2
900.png,3
901.png,3
902.png,0
903.png,1
904.png,2
905.png,2
906.png,3
907.png,2
908.png,0
909.png,2
910.png,3
911.png,1
912.png,3
913.png,2
914.png,1
915.png,2
916.png,1
917.png,1
918.png,1
919.png,3
920.png,1
921.png,2
922.png,1
923.png,2
924.png,3
925.png,3
926.png,1
927.png,3
928.png,0
929.png,0
930.png,0
931.png,0
932.png,3
933.png,1
934.png,3
935.png,2
936.png,1
937.png,0
938.png,3
939.png,2
940.png,3
941.png,2
942.png,1
943.png,3
944.png,1
945.png,3
946.png,3
947.png,3
948.png,2
949.png,3
950.png,0
951.png,1
952.png,2
953.png,1
954.png,0
955.png,0
956.png,0
957.png,2
958.png,3
959.png,2
960.png,2
961.png,3
962.png,0
963.png,3
964.png,0
965.png,3
966.png,1
967.png,2
968.png,3
969.png,2
970.png,1
971.png,0
972.png,0
973.png,0
974.png,1
975.png,1
976.png,1
977.png,3
978.png,2
979.png,3
980.png,1
981.png,0
982.png,1
983.png,0
984.png,0
985.png,0
986.png,1
987.png,1
988.png,1
989.png,3
990.png,0
991.png,1
992.png,1
993.png,0
994.png,2
995.png,2
996.png,2
997.png,0
998.png,2
999.png,2
