Image_Name,Flag
0.png,1
1.png,0
2.png,0
3.png,1
4.png,0
5.png,0
6.png,0
7.png,1
8.png,1
9.png,1
10.png,0
11.png,0
12.png,1
13.png,1
14.png,0
15.png,1
16.png,0
17.png,0
18.png,1
19.png,0
20.png,1
21.png,0
22.png,0
23.png,1
24.png,1
25.png,0
26.png,1
27.png,0
28.png,1
29.png,0
30.png,0
31.png,1
32.png,1
33.png,0
34.png,0
35.png,0
36.png,1
37.png,1
38.png,1
39.png,0
40.png,0
41.png,1
42.png,0
43.png,1
44.png,0
45.png,1
46.png,0
47.png,1
48.png,1
49.png,1
50.png,0
51.png,1
52.png,0
53.png,1
54.png,1
55.png,0
56.png,1
57.png,0
58.png,1
59.png,1
60.png,1
61.png,1
62.png,1
63.png,0
64.png,0
65.png,0
66.png,0
67.png,0
68.png,0
69.png,1
70.png,0
71.png,1
72.png,1
73.png,1
74.png,0
75.png,0
76.png,1
77.png,0
78.png,1
79.png,0
80.png,0
81.png,0
82.png,1
83.png,1
84.png,1
85.png,1
86.png,1
87.png,1
88.png,1
89.png,0
90.png,1
91.png,0
92.png,1
93.png,1
94.png,0
95.png,0
96.png,1
97.png,1
98.png,1
99.png,1
100.png,1
101.png,0
102.png,0
103.png,1
104.png,1
105.png,1
106.png,1
107.png,0
108.png,0
109.png,0
110.png,1
111.png,0
112.png,0
113.png,1
114.png,0
115.png,1
116.png,1
117.png,0
118.png,1
119.png,0
120.png,0
121.png,1
122.png,0
123.png,1
124.png,1
125.png,1
126.png,1
127.png,0
128.png,0
129.png,0
130.png,0
131.png,0
132.png,0
133.png,1
134.png,1
135.png,0
136.png,0
137.png,0
138.png,0
139.png,1
140.png,1
141.png,1
142.png,0
143.png,1
144.png,1
145.png,1
146.png,1
147.png,0
148.png,0
149.png,0
150.png,0
151.png,0
152.png,0
153.png,1
154.png,0
155.png,1
156.png,1
157.png,0
158.png,0
159.png,1
160.png,0
161.png,1
162.png,1
163.png,0
164.png,1
165.png,0
166.png,0
167.png,0
168.png,1
169.png,0
170.png,1
171.png,0
172.png,0
173.png,1
174.png,1
175.png,1
176.png,1
177.png,1
178.png,1
179.png,0
180.png,1
181.png,1
182.png,1
183.png,0
184.png,0
185.png,0
186.png,1
187.png,0
188.png,1
189.png,0
190.png,1
191.png,0
192.png,0
193.png,1
194.png,1
195.png,0
196.png,1
197.png,1
198.png,1
199.png,1
200.png,0
201.png,0
202.png,0
203.png,1
204.png,1
205.png,1
206.png,1
207.png,0
208.png,1
209.png,0
210.png,0
211.png,1
212.png,1
213.png,0
214.png,0
215.png,1
216.png,0
217.png,1
218.png,0
219.png,0
220.png,0
221.png,0
222.png,0
223.png,0
224.png,0
225.png,1
226.png,1
227.png,0
228.png,0
229.png,0
230.png,1
231.png,0
232.png,0
233.png,1
234.png,0
235.png,0
236.png,1
237.png,1
238.png,1
239.png,1
240.png,0
241.png,1
242.png,1
243.png,0
244.png,0
245.png,0
246.png,0
247.png,1
248.png,1
249.png,0
250.png,1
251.png,1
252.png,1
253.png,1
254.png,1
255.png,0
256.png,0
257.png,0
258.png,0
259.png,0
260.png,1
261.png,0
262.png,1
263.png,0
264.png,0
265.png,0
266.png,1
267.png,0
268.png,1
269.png,1
270.png,0
271.png,1
272.png,1
273.png,1
274.png,1
275.png,0
276.png,0
277.png,0
278.png,0
279.png,0
280.png,0
281.png,1
282.png,1
283.png,1
284.png,0
285.png,1
286.png,0
287.png,0
288.png,1
289.png,0
290.png,0
291.png,1
292.png,0
293.png,1
294.png,1
295.png,1
296.png,0
297.png,1
298.png,0
299.png,1
300.png,1
301.png,1
302.png,0
303.png,0
304.png,1
305.png,0
306.png,0
307.png,0
308.png,1
309.png,1
310.png,1
311.png,1
312.png,1
313.png,1
314.png,1
315.png,1
316.png,1
317.png,0
318.png,1
319.png,1
320.png,0
321.png,0
322.png,1
323.png,0
324.png,1
325.png,1
326.png,1
327.png,1
328.png,1
329.png,0
330.png,0
331.png,0
332.png,1
333.png,1
334.png,1
335.png,1
336.png,1
337.png,1
338.png,1
339.png,1
340.png,1
341.png,1
342.png,0
343.png,0
344.png,0
345.png,1
346.png,0
347.png,0
348.png,0
349.png,1
350.png,0
351.png,1
352.png,1
353.png,0
354.png,0
355.png,0
356.png,0
357.png,0
358.png,0
359.png,1
360.png,0
361.png,0
362.png,1
363.png,0
364.png,1
365.png,0
366.png,1
367.png,0
368.png,0
369.png,1
370.png,0
371.png,1
372.png,1
373.png,1
374.png,1
375.png,1
376.png,1
377.png,0
378.png,0
379.png,1
380.png,0
381.png,1
382.png,1
383.png,1
384.png,1
385.png,0
386.png,1
387.png,1
388.png,1
389.png,0
390.png,0
391.png,0
392.png,1
393.png,1
394.png,1
395.png,0
396.png,0
397.png,1
398.png,0
399.png,0
400.png,0
401.png,1
402.png,0
403.png,0
404.png,1
405.png,0
406.png,0
407.png,1
408.png,0
409.png,1
410.png,1
411.png,1
412.png,1
413.png,1
414.png,1
415.png,1
416.png,0
417.png,0
418.png,1
419.png,0
420.png,0
421.png,0
422.png,0
423.png,0
424.png,0
425.png,1
426.png,0
427.png,1
428.png,0
429.png,1
430.png,1
431.png,1
432.png,0
433.png,1
434.png,0
435.png,1
436.png,0
437.png,0
438.png,1
439.png,1
440.png,1
441.png,0
442.png,1
443.png,0
444.png,1
445.png,0
446.png,1
447.png,1
448.png,1
449.png,1
450.png,1
451.png,1
452.png,0
453.png,1
454.png,0
455.png,0
456.png,1
457.png,0
458.png,0
459.png,1
460.png,1
461.png,0
462.png,1
463.png,0
464.png,0
465.png,1
466.png,0
467.png,0
468.png,1
469.png,0
470.png,1
471.png,1
472.png,1
473.png,1
474.png,1
475.png,1
476.png,1
477.png,1
478.png,0
479.png,0
480.png,1
481.png,1
482.png,1
483.png,0
484.png,1
485.png,1
486.png,0
487.png,1
488.png,0
489.png,0
490.png,0
491.png,0
492.png,1
493.png,1
494.png,0
495.png,1
496.png,0
497.png,0
498.png,0
499.png,0
500.png,0
501.png,1
502.png,0
503.png,0
504.png,1
505.png,0
506.png,1
507.png,0
508.png,1
509.png,0
510.png,0
511.png,0
512.png,1
513.png,1
514.png,1
515.png,0
516.png,1
517.png,1
518.png,1
519.png,1
520.png,1
521.png,1
522.png,1
523.png,1
524.png,1
525.png,1
526.png,0
527.png,0
528.png,1
529.png,0
530.png,0
531.png,0
532.png,1
533.png,0
534.png,0
535.png,1
536.png,1
537.png,0
538.png,0
539.png,0
540.png,1
541.png,0
542.png,0
543.png,1
544.png,0
545.png,0
546.png,0
547.png,0
548.png,0
549.png,1
550.png,1
551.png,0
552.png,1
553.png,1
554.png,0
555.png,1
556.png,0
557.png,0
558.png,1
559.png,0
560.png,0
561.png,0
562.png,0
563.png,1
564.png,0
565.png,0
566.png,0
567.png,0
568.png,1
569.png,1
570.png,1
571.png,0
572.png,0
573.png,1
574.png,1
575.png,0
576.png,1
577.png,0
578.png,0
579.png,1
580.png,1
581.png,1
582.png,1
583.png,1
584.png,0
585.png,0
586.png,0
587.png,1
588.png,1
589.png,1
590.png,1
591.png,0
592.png,0
593.png,1
594.png,1
595.png,1
596.png,1
597.png,1
598.png,0
599.png,1
600.png,1
601.png,1
602.png,1
603.png,1
604.png,0
605.png,1
606.png,0
607.png,1
608.png,1
609.png,1
610.png,1
611.png,0
612.png,0
613.png,0
614.png,0
615.png,1
616.png,0
617.png,0
618.png,0
619.png,1
620.png,1
621.png,1
622.png,0
623.png,0
624.png,1
625.png,1
626.png,0
627.png,1
628.png,0
629.png,0
630.png,0
631.png,1
632.png,0
633.png,0
634.png,1
635.png,0
636.png,0
637.png,1
638.png,0
639.png,1
640.png,1
641.png,1
642.png,0
643.png,0
644.png,1
645.png,1
646.png,1
647.png,0
648.png,1
649.png,0
650.png,1
651.png,0
652.png,0
653.png,0
654.png,0
655.png,0
656.png,0
657.png,1
658.png,0
659.png,1
660.png,0
661.png,1
662.png,0
663.png,1
664.png,0
665.png,0
666.png,0
667.png,1
668.png,0
669.png,1
670.png,0
671.png,1
672.png,0
673.png,1
674.png,1
675.png,1
676.png,0
677.png,1
678.png,0
679.png,1
680.png,1
681.png,0
682.png,0
683.png,0
684.png,0
685.png,1
686.png,1
687.png,0
688.png,1
689.png,0
690.png,1
691.png,1
692.png,0
693.png,1
694.png,0
695.png,0
696.png,0
697.png,1
698.png,0
699.png,0
700.png,0
701.png,1
702.png,1
703.png,0
704.png,1
705.png,0
706.png,0
707.png,0
708.png,1
709.png,0
710.png,1
711.png,1
712.png,0
713.png,1
714.png,1
715.png,0
716.png,0
717.png,1
718.png,1
719.png,0
720.png,1
721.png,0
722.png,1
723.png,0
724.png,0
725.png,0
726.png,0
727.png,0
728.png,0
729.png,1
730.png,0
731.png,0
732.png,0
733.png,0
734.png,0
735.png,1
736.png,1
737.png,1
738.png,1
739.png,1
740.png,0
741.png,1
742.png,1
743.png,1
744.png,1
745.png,0
746.png,1
747.png,0
748.png,0
749.png,1
750.png,0
751.png,1
752.png,1
753.png,1
754.png,0
755.png,0
756.png,1
757.png,0
758.png,0
759.png,0
760.png,1
761.png,1
762.png,0
763.png,0
764.png,1
765.png,0
766.png,1
767.png,0
768.png,1
769.png,0
770.png,1
771.png,1
772.png,1
773.png,0
774.png,0
775.png,1
776.png,1
777.png,0
778.png,0
779.png,0
780.png,1
781.png,0
782.png,0
783.png,0
784.png,1
785.png,0
786.png,1
787.png,0
788.png,1
789.png,0
790.png,1
791.png,1
792.png,0
793.png,1
794.png,1
795.png,1
796.png,1
797.png,1
798.png,1
799.png,0
800.png,1
801.png,0
802.png,1
803.png,1
804.png,1
805.png,1
806.png,1
807.png,0
808.png,0
809.png,1
810.png,1
811.png,1
812.png,0
813.png,0
814.png,1
815.png,0
816.png,0
817.png,0
818.png,0
819.png,0
820.png,1
821.png,0
822.png,0
823.png,1
824.png,1
825.png,0
826.png,1
827.png,0
828.png,0
829.png,1
830.png,0
831.png,1
832.png,0
833.png,0
834.png,1
835.png,0
836.png,0
837.png,0
838.png,1
839.png,0
840.png,1
841.png,1
842.png,0
843.png,1
844.png,0
845.png,1
846.png,0
847.png,0
848.png,1
849.png,1
850.png,0
851.png,1
852.png,1
853.png,0
854.png,0
855.png,1
856.png,1
857.png,0
858.png,1
859.png,0
860.png,0
861.png,0
862.png,1
863.png,0
864.png,0
865.png,1
866.png,1
867.png,0
868.png,1
869.png,0
870.png,1
871.png,1
872.png,1
873.png,0
874.png,0
875.png,1
876.png,0
877.png,1
878.png,0
879.png,1
880.png,0
881.png,0
882.png,1
883.png,0
884.png,0
885.png,1
886.png,1
887.png,1
888.png,0
889.png,0
890.png,0
891.png,1
892.png,0
893.png,0
894.png,0
895.png,1
896.png,0
897.png,1
898.png,0
899.png,1
900.png,1
901.png,0
902.png,0
903.png,0
904.png,1
905.png,1
906.png,1
907.png,1
908.png,1
909.png,0
910.png,0
911.png,1
912.png,1
913.png,0
914.png,1
915.png,1
916.png,1
917.png,0
918.png,0
919.png,0
920.png,1
921.png,0
922.png,0
923.png,0
924.png,0
925.png,1
926.png,0
927.png,0
928.png,0
929.png,1
930.png,0
931.png,0
932.png,1
933.png,1
934.png,1
935.png,1
936.png,1
937.png,1
938.png,0
939.png,0
940.png,1
941.png,1
942.png,1
943.png,0
944.png,0
945.png,1
946.png,0
947.png,1
948.png,1
949.png,1
950.png,0
951.png,1
952.png,0
953.png,0
954.png,1
955.png,0
956.png,0
957.png,0
958.png,1
959.png,0
960.png,1
961.png,1
962.png,0
963.png,1
964.png,0
965.png,1
966.png,1
967.png,0
968.png,0
969.png,0
970.png,0
971.png,1
972.png,0
973.png,0
974.png,1
975.png,0
976.png,0
977.png,1
978.png,1
979.png,1
980.png,1
981.png,0
982.png,1
983.png,1
984.png,1
985.png,1
986.png,0
987.png,1
988.png,1
989.png,1
990.png,0
991.png,1
992.png,1
993.png,0
994.png,0
995.png,0
996.png,0
997.png,1
998.png,0
999.png,0
